Date,Time,Round,Day,Venue,Result,GF,GA,Opponent,xG,xGA,Poss,Captain,Formation,Opp Formation,Referee
2024-12-07,15:00,Matchweek 15,Sat,Away,D,2,2,Crystal Palace,1.4,1.3,68,Kyle Walker,4-2-3-1,3-4-3,Robert Jones
2024-12-04,19:30,Matchweek 14,Wed,Home,W,3,0,Nott'ham Forest,2.4,1.0,66,Kevin De Bruyne,4-2-3-1,4-2-3-1,Michael Oliver
2024-12-01,16:00,Matchweek 13,Sun,Away,L,0,2,Liverpool,0.8,3.4,56,Kyle Walker,4-2-3-1,4-2-3-1,Chris Kavanagh
2024-11-23,17:30,Matchweek 12,Sat,Home,L,0,4,Tottenham,2.1,2.5,58,Kyle Walker,4-3-3,4-3-3,John Brooks
2024-11-09,17:30,Matchweek 11,Sat,Away,L,1,2,Brighton,2.1,2.3,60,Kyle Walker,4-1-4-1,4-4-2,Samuel Barrott
2024-11-02,15:00,Matchweek 10,Sat,Away,L,1,2,Bournemouth,1.6,2.0,64,Kyle Walker,4-1-4-1,4-2-3-1,Michael Oliver
2024-10-26,15:00,Matchweek 9,Sat,Home,W,1,0,Southampton,2.9,0.2,57,Rúben Dias,4-1-4-1,5-4-1,Tony Harrington
2024-10-20,14:00,Matchweek 8,Sun,Away,W,2,1,Wolves,1.6,0.8,77,Rúben Dias,4-1-4-1,3-5-2,Chris Kavanagh
2024-10-05,15:00,Matchweek 7,Sat,Home,W,3,2,Fulham,1.6,2.6,58,Rúben Dias,4-1-4-1,5-4-1,Peter Bankes
2024-09-28,12:30,Matchweek 6,Sat,Away,D,1,1,Newcastle Utd,0.9,1.6,62,Kyle Walker,4-2-3-1,4-3-3,Jarred Gillett
2024-09-22,16:30,Matchweek 5,Sun,Home,D,2,2,Arsenal,2.1,0.7,77,Kyle Walker,4-3-3,4-4-2,Michael Oliver
2024-09-14,15:00,Matchweek 4,Sat,Home,W,2,1,Brentford,2.1,1.0,54,Kyle Walker,4-2-3-1,5-3-2,Darren Bond
2024-08-31,17:30,Matchweek 3,Sat,Away,W,3,1,West Ham,3.0,0.7,67,Kevin De Bruyne,3-2-4-1,4-2-3-1,Michael Oliver
2024-08-24,15:00,Matchweek 2,Sat,Home,W,4,1,Ipswich Town,3.3,0.3,75,Kevin De Bruyne,3-2-4-1,5-4-1,Samuel Allison
2024-08-18,16:30,Matchweek 1,Sun,Away,W,2,0,Chelsea,0.8,1.0,52,Kevin De Bruyne,3-2-4-1,4-2-3-1,Anthony Taylor
2024-05-19,16:00,Matchweek 38,Sun,Home,W,3,1,West Ham,1.9,0.4,71,Kyle Walker,4-1-4-1,3-4-3,John Brooks
2024-05-14,20:00,Matchweek 34,Tue,Away,W,2,0,Tottenham,2.4,1.7,47,Kyle Walker,4-2-3-1,4-3-1-2,Chris Kavanagh
2024-05-11,12:30,Matchweek 37,Sat,Away,W,4,0,Fulham,3.2,0.1,64,Kevin De Bruyne,4-2-3-1,4-2-3-1,Anthony Taylor
2024-05-04,17:30,Matchweek 36,Sat,Home,W,5,1,Wolves,3.7,0.3,58,Kyle Walker,4-2-3-1,3-5-2,Craig Pawson
2024-04-28,16:30,Matchweek 35,Sun,Away,W,2,0,Nott'ham Forest,0.9,1.9,66,Kyle Walker,4-1-4-1,5-4-1,Simon Hooper
2024-04-25,20:00,Matchweek 29,Thu,Away,W,4,0,Brighton,1.4,0.6,64,Kyle Walker,4-1-4-1,4-2-3-1,Jarred Gillett
2024-04-13,15:00,Matchweek 33,Sat,Home,W,5,1,Luton Town,4.2,0.5,73,Kevin De Bruyne,4-2-3-1,3-4-3,John Brooks
2024-04-06,12:30,Matchweek 32,Sat,Away,W,4,2,Crystal Palace,1.9,1.1,75,Kevin De Bruyne,3-2-4-1,3-4-3,Paul Tierney
2024-04-03,20:15,Matchweek 31,Wed,Home,W,4,1,Aston Villa,3.4,0.8,67,Rúben Dias,4-2-3-1,4-2-3-1,Darren England
2024-03-31,16:30,Matchweek 30,Sun,Home,D,0,0,Arsenal,1.0,0.7,72,Kevin De Bruyne,4-1-4-1,4-3-3,Anthony Taylor
2024-03-10,15:45,Matchweek 28,Sun,Away,D,1,1,Liverpool,1.6,2.7,47,Kyle Walker,3-2-4-1,4-3-3,Michael Oliver
2024-03-03,15:30,Matchweek 27,Sun,Home,W,3,1,Manchester Utd,3.3,0.2,73,Kyle Walker,3-2-4-1,4-2-4-0,Andy Madley
2024-02-24,17:30,Matchweek 26,Sat,Away,W,1,0,Bournemouth,1.6,0.9,62,Rúben Dias,3-2-4-1,4-2-3-1,Jarred Gillett
2024-02-20,19:30,Matchweek 18,Tue,Home,W,1,0,Brentford,2.3,0.4,70,Kyle Walker,4-2-3-1,3-5-2,Darren England
2024-02-17,17:30,Matchweek 25,Sat,Home,D,1,1,Chelsea,2.6,1.4,70,Kyle Walker,4-1-4-1,4-2-3-1,Andy Madley
2024-02-10,12:30,Matchweek 24,Sat,Home,W,2,0,Everton,1.6,0.3,72,Rúben Dias,4-1-4-1,4-2-3-1,John Brooks
2024-02-05,20:00,Matchweek 23,Mon,Away,W,3,1,Brentford,2.1,1.0,72,Kyle Walker,4-1-4-1,3-5-2,Jarred Gillett
2024-01-31,19:30,Matchweek 22,Wed,Home,W,3,1,Burnley,1.7,1.4,74,Kevin De Bruyne,4-2-3-1,4-4-2,Samuel Barrott
2024-01-13,17:30,Matchweek 21,Sat,Away,W,3,2,Newcastle Utd,3.0,1.3,72,Kyle Walker,4-2-3-1,4-3-3,Chris Kavanagh
2023-12-30,15:00,Matchweek 20,Sat,Home,W,2,0,Sheffield Utd,2.2,0.3,80,Kyle Walker,4-2-3-1,3-4-3,David Coote
2023-12-27,20:15,Matchweek 19,Wed,Away,W,3,1,Everton,2.4,1.0,72,Kyle Walker,4-2-3-1,4-2-3-1,John Brooks
2023-12-16,15:00,Matchweek 17,Sat,Home,D,2,2,Crystal Palace,1.6,1.8,74,Kyle Walker,4-2-3-1,5-4-1,Paul Tierney
2023-12-10,14:00,Matchweek 16,Sun,Away,W,2,1,Luton Town,1.6,0.3,65,Kyle Walker,4-2-3-1,3-4-3,Tim Robinson
2023-12-06,20:15,Matchweek 15,Wed,Away,L,0,1,Aston Villa,0.6,2.3,54,Kyle Walker,3-2-4-1,4-4-1-1,John Brooks
2023-12-03,16:30,Matchweek 14,Sun,Home,D,3,3,Tottenham,2.6,0.5,55,Kyle Walker,3-2-4-1,4-2-3-1,Simon Hooper
2023-11-25,12:30,Matchweek 13,Sat,Home,D,1,1,Liverpool,1.3,0.6,59,Kyle Walker,3-2-4-1,4-3-3,Chris Kavanagh
2023-11-12,16:30,Matchweek 12,Sun,Away,D,4,4,Chelsea,2.9,2.9,55,Kyle Walker,3-2-4-1,4-2-3-1,Anthony Taylor
2023-11-04,15:00,Matchweek 11,Sat,Home,W,6,1,Bournemouth,1.9,0.9,65,Kyle Walker,3-4-3,5-4-1,Craig Pawson
2023-10-29,15:30,Matchweek 10,Sun,Away,W,3,0,Manchester Utd,4.0,0.9,60,Kyle Walker,4-2-3-1,4-2-3-1,Paul Tierney
2023-10-21,15:00,Matchweek 9,Sat,Home,W,2,1,Brighton,0.8,0.8,55,Kyle Walker,3-2-4-1,4-2-3-1,Robert Jones
2023-10-08,16:30,Matchweek 8,Sun,Away,L,0,1,Arsenal,0.5,0.4,51,Kyle Walker,4-3-3,4-3-3,Michael Oliver
2023-09-30,15:00,Matchweek 7,Sat,Away,L,1,2,Wolves,0.9,0.4,68,Kyle Walker,4-2-3-1,3-4-3,Craig Pawson
2023-09-23,15:00,Matchweek 6,Sat,Home,W,2,0,Nott'ham Forest,1.3,1.0,57,Kyle Walker,4-2-3-1,5-4-1,Anthony Taylor
2023-09-16,15:00,Matchweek 5,Sat,Away,W,3,1,West Ham,3.6,0.9,68,Kyle Walker,4-2-3-1,4-2-3-1,Andy Madley
2023-09-02,15:00,Matchweek 4,Sat,Home,W,5,1,Fulham,2.2,1.4,68,Kyle Walker,4-2-3-1,4-3-3,Michael Oliver
2023-08-27,14:00,Matchweek 3,Sun,Away,W,2,1,Sheffield Utd,3.5,0.7,79,Kyle Walker,4-2-3-1,3-5-2,Jarred Gillett
2023-08-19,20:00,Matchweek 2,Sat,Home,W,1,0,Newcastle Utd,1.0,0.3,59,Kyle Walker,4-2-3-1,4-3-3,Robert Jones
2023-08-11,20:00,Matchweek 1,Fri,Away,W,3,0,Burnley,1.9,0.3,65,Kevin De Bruyne,4-2-3-1,5-4-1,Craig Pawson
2023-05-28,16:30,Matchweek 38,Sun,Away,L,0,1,Brentford,1.6,1.3,65,Kyle Walker,3-2-4-1,5-3-2,John Brooks
2023-05-24,20:00,Matchweek 32,Wed,Away,D,1,1,Brighton,1.8,2.2,60,İlkay Gündoğan,4-3-3,4-2-3-1,Simon Hooper
2023-05-21,16:00,Matchweek 37,Sun,Home,W,1,0,Chelsea,1.2,1.2,64,Kyle Walker,3-4-3◆,3-4-1-2,Michael Oliver
2023-05-14,14:00,Matchweek 36,Sun,Away,W,3,0,Everton,0.8,1.6,63,İlkay Gündoğan,4-2-3-1,4-2-3-1,Anthony Taylor
2023-05-06,15:00,Matchweek 35,Sat,Home,W,2,1,Leeds United,2.6,0.2,80,İlkay Gündoğan,3-2-4-1,4-2-3-1,Andy Madley
2023-05-03,20:00,Matchweek 28,Wed,Home,W,3,0,West Ham,2.3,0.4,69,Kyle Walker,3-2-4-1,4-2-3-1,John Brooks
2023-04-30,14:00,Matchweek 34,Sun,Away,W,2,1,Fulham,2.5,0.2,62,İlkay Gündoğan,3-2-4-1,4-2-3-1,Simon Hooper
2023-04-26,20:00,Matchweek 33,Wed,Home,W,4,1,Arsenal,2.5,0.5,52,İlkay Gündoğan,4-3-3,4-3-3,Michael Oliver
2023-04-15,17:30,Matchweek 31,Sat,Home,W,3,1,Leicester City,1.6,2.3,70,Kevin De Bruyne,3-2-4-1,3-4-3,Darren England
2023-04-08,17:30,Matchweek 30,Sat,Away,W,4,1,Southampton,2.9,0.4,73,İlkay Gündoğan,3-2-4-1,4-4-2,Robert Jones
2023-04-01,12:30,Matchweek 29,Sat,Home,W,4,1,Liverpool,2.9,0.3,68,İlkay Gündoğan,3-2-4-1,4-3-3,Simon Hooper
2023-03-11,17:30,Matchweek 27,Sat,Away,W,1,0,Crystal Palace,2.1,0.2,67,İlkay Gündoğan,4-2-3-1,4-3-3,Robert Jones
2023-03-04,12:30,Matchweek 26,Sat,Home,W,2,0,Newcastle Utd,1.3,0.4,56,İlkay Gündoğan,4-2-3-1,4-3-3,Simon Hooper
2023-02-25,17:30,Matchweek 25,Sat,Away,W,4,1,Bournemouth,2.4,1.0,66,İlkay Gündoğan,3-2-4-1,5-4-1,Paul Tierney
2023-02-18,15:00,Matchweek 24,Sat,Away,D,1,1,Nott'ham Forest,2.4,0.9,73,İlkay Gündoğan,3-2-4-1,4-3-2-1,Graham Scott
2023-02-15,19:30,Matchweek 12,Wed,Away,W,3,1,Arsenal,1.8,1.6,37,İlkay Gündoğan,4-1-4-1,4-3-3,Anthony Taylor
2023-02-12,16:30,Matchweek 23,Sun,Home,W,3,1,Aston Villa,3.3,0.3,67,İlkay Gündoğan,3-2-4-1,4-4-2,Robert Jones
2023-02-05,16:30,Matchweek 22,Sun,Away,L,0,1,Tottenham,1.3,1.4,64,Kyle Walker,4-4-2,3-4-3,Andy Madley
2023-01-22,14:00,Matchweek 21,Sun,Home,W,3,0,Wolves,2.8,0.8,55,İlkay Gündoğan,3-2-4-1,4-3-3,David Coote
2023-01-19,20:00,Matchweek 7,Thu,Home,W,4,2,Tottenham,2.3,0.8,58,İlkay Gündoğan,4-2-3-1,3-4-3,Simon Hooper
2023-01-14,12:30,Matchweek 20,Sat,Away,L,1,2,Manchester Utd,0.6,1.7,70,Kevin De Bruyne,4-3-3,4-2-3-1,Stuart Attwell
2023-01-05,20:00,Matchweek 19,Thu,Away,W,1,0,Chelsea,2.0,0.4,52,İlkay Gündoğan,3-2-4-1,4-2-3-1,Paul Tierney
2022-12-31,15:00,Matchweek 18,Sat,Home,D,1,1,Everton,1.7,0.1,74,Kevin De Bruyne,4-3-3,5-3-2,Andy Madley
2022-12-28,20:00,Matchweek 17,Wed,Away,W,3,1,Leeds United,4.3,0.6,69,İlkay Gündoğan,4-3-3,4-3-3,Stuart Attwell
2022-11-12,12:30,Matchweek 16,Sat,Home,L,1,2,Brentford,1.6,1.3,74,İlkay Gündoğan,4-3-3,3-5-2,Peter Bankes
2022-11-05,15:00,Matchweek 15,Sat,Home,W,2,1,Fulham,2.1,1.0,70,İlkay Gündoğan,4-3-3,4-2-3-1,Darren England
2022-10-29,12:30,Matchweek 14,Sat,Away,W,1,0,Leicester City,1.0,0.7,64,İlkay Gündoğan,4-3-3,3-4-3,Robert Jones
2022-10-22,15:00,Matchweek 13,Sat,Home,W,3,1,Brighton,1.6,0.5,48,Kevin De Bruyne,4-3-3,3-4-1-2,Craig Pawson
2022-10-16,16:30,Matchweek 11,Sun,Away,L,0,1,Liverpool,1.0,2.1,63,İlkay Gündoğan,3-4-3,4-2-3-1,Anthony Taylor
2022-10-08,15:00,Matchweek 10,Sat,Home,W,4,0,Southampton,2.4,0.2,65,Kevin De Bruyne,4-2-3-1,4-4-2,Andy Madley
2022-10-02,14:00,Matchweek 9,Sun,Home,W,6,3,Manchester Utd,3.2,1.7,53,İlkay Gündoğan,4-3-3,4-2-3-1,Michael Oliver
2022-09-17,12:30,Matchweek 8,Sat,Away,W,3,0,Wolves,1.1,0.4,59,Kevin De Bruyne,4-3-3,4-3-3,Anthony Taylor
2022-09-03,17:30,Matchweek 6,Sat,Away,D,1,1,Aston Villa,2.1,0.3,71,İlkay Gündoğan,4-3-3,4-3-2-1,Simon Hooper
2022-08-31,19:30,Matchweek 5,Wed,Home,W,6,0,Nott'ham Forest,3.3,0.7,74,İlkay Gündoğan,4-2-3-1,5-3-2,Paul Tierney
2022-08-27,15:00,Matchweek 4,Sat,Home,W,4,2,Crystal Palace,2.2,0.1,74,Kevin De Bruyne,4-2-3-1,5-4-1,Darren England
2022-08-21,16:30,Matchweek 3,Sun,Away,D,3,3,Newcastle Utd,2.1,1.8,69,İlkay Gündoğan,4-3-3,4-3-3,Jarred Gillett
2022-08-13,15:00,Matchweek 2,Sat,Home,W,4,0,Bournemouth,1.7,0.1,67,İlkay Gündoğan,4-2-3-1,3-4-3,David Coote
2022-08-07,16:30,Matchweek 1,Sun,Away,W,2,0,West Ham,2.2,0.5,75,İlkay Gündoğan,4-3-3,4-2-3-1,Michael Oliver
2022-05-22,16:00,Matchweek 38,Sun,Home,W,3,2,Aston Villa,3.4,0.2,71,Fernandinho,4-3-3,4-3-2-1,Michael Oliver
2022-05-15,14:00,Matchweek 37,Sun,Away,D,2,2,West Ham,2.4,1.1,78,Fernandinho,4-3-3,4-2-3-1,Anthony Taylor
2022-05-11,20:15,Matchweek 33,Wed,Away,W,5,1,Wolves,2.3,0.5,66,Fernandinho,4-2-3-1,3-5-2,Martin Atkinson
2022-05-08,16:30,Matchweek 36,Sun,Home,W,5,0,Newcastle Utd,3.1,0.8,71,İlkay Gündoğan,4-2-3-1,4-3-3,Stuart Attwell
2022-04-30,17:30,Matchweek 35,Sat,Away,W,4,0,Leeds United,2.4,1.3,58,İlkay Gündoğan,4-2-3-1,5-4-1,Paul Tierney
2022-04-23,15:00,Matchweek 34,Sat,Home,W,5,1,Watford,3.6,0.5,73,Fernandinho,4-2-3-1,4-3-3,Kevin Friend
2022-04-20,20:00,Matchweek 30,Wed,Home,W,3,0,Brighton,1.3,0.2,65,İlkay Gündoğan,4-3-3,3-5-2,Mike Dean
2022-04-10,16:30,Matchweek 32,Sun,Home,D,2,2,Liverpool,1.3,1.3,55,Kevin De Bruyne,4-2-3-1,4-3-3,Anthony Taylor
2022-04-02,15:00,Matchweek 31,Sat,Away,W,2,0,Burnley,1.8,0.1,76,İlkay Gündoğan,4-3-3,4-5-1,Craig Pawson
2022-03-14,20:00,Matchweek 29,Mon,Away,D,0,0,Crystal Palace,2.8,0.6,73,Kevin De Bruyne,4-3-3,4-3-3,Martin Atkinson
2022-03-06,16:30,Matchweek 28,Sun,Home,W,4,1,Manchester Utd,2.7,0.5,69,Kevin De Bruyne,4-3-3,4-2-3-1,Michael Oliver
2022-02-26,17:30,Matchweek 27,Sat,Away,W,1,0,Everton,1.8,0.5,67,İlkay Gündoğan,4-3-3,4-3-3,Paul Tierney
2022-02-19,17:30,Matchweek 26,Sat,Home,L,2,3,Tottenham,2.1,1.4,71,İlkay Gündoğan,4-3-3,3-4-3,Anthony Taylor
2022-02-12,17:30,Matchweek 25,Sat,Away,W,4,0,Norwich City,4.6,0.4,71,Fernandinho,4-3-3,4-3-3,Andre Marriner
2022-02-09,19:45,Matchweek 24,Wed,Home,W,2,0,Brentford,1.9,0.4,74,Rúben Dias,4-3-3,3-5-2,Darren England
2022-01-22,17:30,Matchweek 23,Sat,Away,D,1,1,Southampton,1.8,0.8,74,Rúben Dias,4-3-3,4-4-2,Simon Hooper
2022-01-15,12:30,Matchweek 22,Sat,Home,W,1,0,Chelsea,1.0,0.3,56,Kevin De Bruyne,4-2-3-1,3-4-3,Craig Pawson
2022-01-01,12:30,Matchweek 21,Sat,Away,W,2,1,Arsenal,2.0,0.8,71,Rúben Dias,4-2-3-1,4-2-3-1,Stuart Attwell
2021-12-29,20:15,Matchweek 20,Wed,Away,W,1,0,Brentford,1.1,0.4,76,Fernandinho,4-3-3,3-5-2,David Coote
2021-12-26,15:00,Matchweek 19,Sun,Home,W,6,3,Leicester City,3.6,2.7,72,Fernandinho,4-3-3,4-4-1-1,Chris Kavanagh
2021-12-19,14:15,Matchweek 18,Sun,Away,W,4,0,Newcastle Utd,2.9,0.3,71,Rúben Dias,4-2-3-1,4-5-1,Martin Atkinson
2021-12-14,20:00,Matchweek 17,Tue,Home,W,7,0,Leeds United,3.1,0.3,63,Rúben Dias,4-2-3-1,4-2-3-1,Paul Tierney
2021-12-11,12:30,Matchweek 16,Sat,Home,W,1,0,Wolves,3.2,0.2,71,İlkay Gündoğan,4-3-3,3-5-2,Jonathan Moss
2021-12-04,17:30,Matchweek 15,Sat,Away,W,3,1,Watford,3.1,0.8,77,İlkay Gündoğan,4-3-3,4-1-4-1,Simon Hooper
2021-12-01,20:15,Matchweek 14,Wed,Away,W,2,1,Aston Villa,1.0,0.8,64,Fernandinho,4-2-3-1,4-3-3,Mike Dean
2021-11-28,14:00,Matchweek 13,Sun,Home,W,2,1,West Ham,2.1,0.2,68,İlkay Gündoğan,4-3-3,4-2-3-1,Michael Oliver
2021-11-21,14:00,Matchweek 12,Sun,Home,W,3,0,Everton,2.5,0.2,77,İlkay Gündoğan,4-3-3,4-4-1-1,Stuart Attwell
2021-11-06,12:30,Matchweek 11,Sat,Away,W,2,0,Manchester Utd,1.6,0.9,67,İlkay Gündoğan,4-3-3,3-5-2,Michael Oliver
2021-10-30,15:00,Matchweek 10,Sat,Home,L,0,2,Crystal Palace,0.7,0.7,68,Rúben Dias,4-3-3,4-3-3,Andre Marriner
2021-10-23,17:30,Matchweek 9,Sat,Away,W,4,1,Brighton,3.8,1.3,52,İlkay Gündoğan,4-3-3,3-5-2,Kevin Friend
2021-10-16,15:00,Matchweek 8,Sat,Home,W,2,0,Burnley,2.1,0.9,70,Kevin De Bruyne,4-3-3,4-4-2,Martin Atkinson
2021-10-03,16:30,Matchweek 7,Sun,Away,D,2,2,Liverpool,1.2,0.9,51,Rúben Dias,4-3-3,4-3-3,Paul Tierney
2021-09-25,12:30,Matchweek 6,Sat,Away,W,1,0,Chelsea,1.7,0.2,59,Rúben Dias,4-3-3,3-5-2,Michael Oliver
2021-09-18,15:00,Matchweek 5,Sat,Home,D,0,0,Southampton,1.0,0.4,64,Fernandinho,4-3-3,4-4-2,Jonathan Moss
2021-09-11,15:00,Matchweek 4,Sat,Away,W,1,0,Leicester City,2.8,0.6,61,İlkay Gündoğan,4-3-3,4-2-3-1,Paul Tierney
2021-08-28,12:30,Matchweek 3,Sat,Home,W,5,0,Arsenal,4.4,0.2,80,İlkay Gündoğan,4-3-3,5-4-1,Martin Atkinson
2021-08-21,15:00,Matchweek 2,Sat,Home,W,5,0,Norwich City,2.6,0.1,67,İlkay Gündoğan,4-3-3,4-3-3,Graham Scott
2021-08-15,16:30,Matchweek 1,Sun,Away,L,0,1,Tottenham,1.8,1.0,65,Fernandinho,4-3-3,4-3-3,Anthony Taylor
2021-05-23,16:00,Matchweek 38,Sun,Home,W,5,0,Everton,2.5,1.1,67,Fernandinho,4-3-3,4-3-1-2,Michael Oliver
2021-05-18,19:00,Matchweek 37,Tue,Away,L,2,3,Brighton,0.9,1.1,37,İlkay Gündoğan,4-3-3,3-5-2,Stuart Attwell
2021-05-14,20:00,Matchweek 36,Fri,Away,W,4,3,Newcastle Utd,1.5,2.2,82,Raheem Sterling,4-3-3,5-3-2,Kevin Friend
2021-05-08,17:30,Matchweek 35,Sat,Home,L,1,2,Chelsea,1.8,0.7,48,Raheem Sterling,3-1-4-2,3-4-3,Anthony Taylor
2021-05-01,12:30,Matchweek 34,Sat,Away,W,2,0,Crystal Palace,1.7,0.9,68,Fernandinho,4-4-1-1,4-3-3,David Coote
2021-04-21,20:15,Matchweek 32,Wed,Away,W,2,1,Aston Villa,1.2,0.7,72,İlkay Gündoğan,4-3-3,4-1-4-1,Peter Bankes
2021-04-10,12:30,Matchweek 31,Sat,Home,L,1,2,Leeds United,2.1,0.1,71,Fernandinho,4-3-3,4-1-4-1,Andre Marriner
2021-04-03,17:30,Matchweek 30,Sat,Away,W,2,0,Leicester City,1.4,0.3,56,Fernandinho,4-2-3-1,3-5-2,Anthony Taylor
2021-03-13,20:00,Matchweek 28,Sat,Away,W,3,0,Fulham,2.2,0.3,54,Sergio Agüero,3-4-3,4-3-3,Andre Marriner
2021-03-10,18:00,Matchweek 33,Wed,Home,W,5,2,Southampton,2.6,1.6,58,Fernandinho,4-3-3,4-4-2,Jonathan Moss
2021-03-07,16:30,Matchweek 27,Sun,Home,L,0,2,Manchester Utd,1.3,1.7,66,Kevin De Bruyne,4-2-3-1,4-2-3-1,Anthony Taylor
2021-03-02,20:00,Matchweek 29,Tue,Home,W,4,1,Wolves,3.3,0.3,72,Kevin De Bruyne,4-3-3,3-4-3,Chris Kavanagh
2021-02-27,12:30,Matchweek 26,Sat,Home,W,2,1,West Ham,0.5,1.5,63,Fernandinho,4-3-3,3-4-3,Michael Oliver
2021-02-21,16:30,Matchweek 25,Sun,Away,W,1,0,Arsenal,1.8,0.3,55,Fernandinho,4-3-3,4-2-3-1,Jonathan Moss
2021-02-17,20:15,Matchweek 16,Wed,Away,W,3,1,Everton,1.0,1.0,71,Raheem Sterling,4-3-3,4-4-1-1,Andre Marriner
2021-02-13,17:30,Matchweek 24,Sat,Home,W,3,0,Tottenham,2.2,0.3,60,Raheem Sterling,4-3-3,4-2-3-1,Paul Tierney
2021-02-07,16:30,Matchweek 23,Sun,Away,W,4,1,Liverpool,3.5,1.2,44,Raheem Sterling,4-3-3,4-3-3,Michael Oliver
2021-02-03,18:00,Matchweek 22,Wed,Away,W,2,0,Burnley,2.0,0.1,74,Raheem Sterling,4-3-3,4-4-2,Martin Atkinson
2021-01-30,15:00,Matchweek 21,Sat,Home,W,1,0,Sheffield Utd,1.5,0.2,75,Fernandinho,4-3-3,5-3-2,David Coote
2021-01-26,20:15,Matchweek 20,Tue,Away,W,5,0,West Brom,1.8,0.5,77,Raheem Sterling,4-3-3,4-4-1-1,Chris Kavanagh
2021-01-20,18:00,Matchweek 1,Wed,Home,W,2,0,Aston Villa,3.4,0.6,69,Kevin De Bruyne,4-3-3,4-2-3-1,Jonathan Moss
2021-01-17,19:15,Matchweek 19,Sun,Home,W,4,0,Crystal Palace,0.7,0.1,71,Fernandinho,4-3-3,4-1-4-1,Lee Mason
2021-01-13,18:00,Matchweek 18,Wed,Home,W,1,0,Brighton,2.0,0.2,65,Kevin De Bruyne,4-3-3,4-1-2-1-2,Darren England
2021-01-03,16:30,Matchweek 17,Sun,Away,W,3,1,Chelsea,2.7,0.8,46,Kevin De Bruyne,4-3-3,4-3-3,Anthony Taylor
2020-12-26,20:00,Matchweek 15,Sat,Home,W,2,0,Newcastle Utd,3.0,0.3,74,Kevin De Bruyne,3-4-3◆,5-4-1,Andre Marriner
2020-12-19,15:00,Matchweek 14,Sat,Away,W,1,0,Southampton,0.9,0.7,52,Kevin De Bruyne,4-2-3-1,4-4-2,Mike Dean
2020-12-15,20:00,Matchweek 13,Tue,Home,D,1,1,West Brom,2.2,0.4,77,Kevin De Bruyne,4-2-3-1,4-1-4-1,Peter Bankes
2020-12-12,17:30,Matchweek 12,Sat,Away,D,0,0,Manchester Utd,1.3,0.6,54,Fernandinho,4-2-3-1,4-2-3-1,Chris Kavanagh
2020-12-05,15:00,Matchweek 11,Sat,Home,W,2,0,Fulham,2.9,0.3,69,Kevin De Bruyne,4-2-3-1,3-4-1-2,Jonathan Moss
2020-11-28,15:00,Matchweek 10,Sat,Home,W,5,0,Burnley,1.7,0.5,68,Kevin De Bruyne,4-2-3-1,4-4-1-1,Lee Mason
2020-11-21,17:30,Matchweek 9,Sat,Away,L,0,2,Tottenham,1.4,0.7,66,Kevin De Bruyne,4-3-3,4-2-3-1,Mike Dean
2020-11-08,16:30,Matchweek 8,Sun,Home,D,1,1,Liverpool,1.4,1.2,54,Kevin De Bruyne,4-2-3-1,4-2-3-1,Craig Pawson
2020-10-31,12:30,Matchweek 7,Sat,Away,W,1,0,Sheffield Utd,1.6,0.5,65,Kevin De Bruyne,4-3-3,5-3-2,Michael Oliver
2020-10-24,12:30,Matchweek 6,Sat,Away,D,1,1,West Ham,1.0,0.3,69,Raheem Sterling,4-3-3,5-4-1,Anthony Taylor
2020-10-17,17:30,Matchweek 5,Sat,Home,W,1,0,Arsenal,1.3,0.9,58,Raheem Sterling,3-1-4-2,4-3-3,Chris Kavanagh
2020-10-03,17:30,Matchweek 4,Sat,Away,D,1,1,Leeds United,1.2,2.4,49,Kevin De Bruyne,4-3-3,4-1-4-1,Mike Dean
2020-09-27,16:30,Matchweek 3,Sun,Home,L,2,5,Leicester City,0.9,2.9,72,Fernandinho,4-2-3-1,5-4-1,Michael Oliver
2020-09-21,20:15,Matchweek 2,Mon,Away,W,3,1,Wolves,1.9,0.6,65,Fernandinho,4-2-3-1,5-3-2,Andre Marriner
2020-07-26,16:00,Matchweek 38,Sun,Home,W,5,0,Norwich City,3.2,1.0,73,David Silva,4-3-3,4-2-3-1,Craig Pawson
2020-07-21,18:00,Matchweek 37,Tue,Away,W,4,0,Watford,3.3,0.1,76,Kevin De Bruyne,4-3-3,4-5-1,Michael Oliver
2020-07-15,18:00,Matchweek 36,Wed,Home,W,2,1,Bournemouth,0.7,1.6,71,David Silva,4-2-3-1,4-1-4-1,Lee Mason
2020-07-11,20:00,Matchweek 35,Sat,Away,W,5,0,Brighton,4.4,0.2,70,Kevin De Bruyne,4-3-3,4-4-1-1,Graham Scott
2020-07-08,18:00,Matchweek 34,Wed,Home,W,5,0,Newcastle Utd,2.8,0.3,73,David Silva,4-3-3,4-4-1-1,Andy Madley
2020-07-05,19:00,Matchweek 33,Sun,Away,L,0,1,Southampton,3.2,0.6,73,David Silva,4-3-3,4-4-2,Andre Marriner
2020-07-02,20:15,Matchweek 32,Thu,Home,W,4,0,Liverpool,2.4,1.1,47,Kevin De Bruyne,4-2-3-1,4-3-3,Anthony Taylor
2020-06-25,20:15,Matchweek 31,Thu,Away,L,1,2,Chelsea,0.8,3.2,65,Fernandinho,4-3-3,4-3-3,Stuart Attwell
2020-06-22,20:00,Matchweek 30,Mon,Home,W,5,0,Burnley,2.4,0.0,71,David Silva,4-3-3,4-4-2,Andre Marriner
2020-06-17,20:15,Matchweek 28,Wed,Home,W,3,0,Arsenal,2.6,0.3,67,David Silva,4-3-3,4-3-2-1,Anthony Taylor
2020-03-08,16:30,Matchweek 29,Sun,Away,L,0,2,Manchester Utd,0.6,1.6,72,Fernandinho,4-3-3,3-4-1-2,Mike Dean
2020-02-22,17:30,Matchweek 27,Sat,Away,W,1,0,Leicester City,2.4,0.8,67,Fernandinho,4-3-3,3-5-2,Paul Tierney
2020-02-19,19:30,Matchweek 26,Wed,Home,W,2,0,West Ham,2.1,0.1,77,David Silva,4-3-3,5-3-2,Kevin Friend
2020-02-02,16:30,Matchweek 25,Sun,Away,L,0,2,Tottenham,2.4,0.3,67,Fernandinho,4-3-3,4-2-3-1,Mike Dean
2020-01-21,19:30,Matchweek 24,Tue,Away,W,1,0,Sheffield Utd,2.8,0.8,66,Fernandinho,3-4-3,3-5-2,Lee Mason
2020-01-18,15:00,Matchweek 23,Sat,Home,D,2,2,Crystal Palace,2.6,0.4,72,David Silva,4-3-3,4-5-1,Graham Scott
2020-01-12,16:30,Matchweek 22,Sun,Away,W,6,1,Aston Villa,2.8,1.1,70,David Silva,4-3-3,5-3-2,Jonathan Moss
2020-01-01,17:30,Matchweek 21,Wed,Home,W,2,1,Everton,1.5,1.0,65,Fernandinho,3-4-3,3-5-2,Andre Marriner
2019-12-29,18:00,Matchweek 20,Sun,Home,W,2,0,Sheffield Utd,1.1,1.1,72,Fernandinho,4-3-3,3-5-2,Chris Kavanagh
2019-12-27,19:45,Matchweek 19,Fri,Away,L,2,3,Wolves,1.5,2.6,38,Fernandinho,4-2-3-1,3-4-3,Martin Atkinson
2019-12-21,17:30,Matchweek 18,Sat,Home,W,3,1,Leicester City,3.3,1.1,62,Fernandinho,4-2-3-1,4-1-4-1,Mike Dean
2019-12-15,16:30,Matchweek 17,Sun,Away,W,3,0,Arsenal,1.3,0.5,57,Fernandinho,4-2-3-1,4-2-3-1,Paul Tierney
2019-12-07,17:30,Matchweek 16,Sat,Home,L,1,2,Manchester Utd,2.2,1.4,72,David Silva,4-3-3,4-2-3-1,Anthony Taylor
2019-12-03,20:15,Matchweek 15,Tue,Away,W,4,1,Burnley,2.2,0.6,75,David Silva,4-3-3,4-4-1-1,Jonathan Moss
2019-11-30,12:30,Matchweek 14,Sat,Away,D,2,2,Newcastle Utd,2.4,0.3,75,David Silva,4-3-3,5-4-1,Chris Kavanagh
2019-11-23,17:30,Matchweek 13,Sat,Home,W,2,1,Chelsea,1.0,0.9,47,David Silva,4-3-3,4-3-3,Martin Atkinson
2019-11-10,16:30,Matchweek 12,Sun,Away,L,1,3,Liverpool,1.3,1.1,55,Fernandinho,4-2-3-1,4-3-3,Michael Oliver
2019-11-02,15:00,Matchweek 11,Sat,Home,W,2,1,Southampton,2.9,0.9,75,David Silva,4-3-3,5-3-2,Lee Mason
2019-10-26,12:30,Matchweek 10,Sat,Home,W,3,0,Aston Villa,2.9,1.0,63,David Silva,4-3-3,4-1-4-1,Graham Scott
2019-10-19,17:30,Matchweek 9,Sat,Away,W,2,0,Crystal Palace,3.5,0.9,71,David Silva,4-3-3,4-5-1,Anthony Taylor
2019-10-06,14:00,Matchweek 8,Sun,Home,L,0,2,Wolves,1.4,1.0,75,David Silva,4-2-3-1,3-5-2,Craig Pawson
2019-09-28,17:30,Matchweek 7,Sat,Away,W,3,1,Everton,2.8,2.4,63,Fernandinho,4-3-3,4-2-3-1,Michael Oliver
2019-09-21,15:00,Matchweek 6,Sat,Home,W,8,0,Watford,5.9,0.4,68,David Silva,4-3-3,4-4-1-1,Mike Dean
2019-09-14,17:30,Matchweek 5,Sat,Away,L,2,3,Norwich City,2.3,1.5,68,David Silva,4-2-3-1,4-2-3-1,Kevin Friend
2019-08-31,15:00,Matchweek 4,Sat,Home,W,4,0,Brighton,1.9,0.9,53,David Silva,4-3-3,3-4-3,Jonathan Moss
2019-08-25,14:00,Matchweek 3,Sun,Away,W,3,1,Bournemouth,3.0,2.2,74,David Silva,4-3-3,5-4-1,Andre Marriner
2019-08-17,17:30,Matchweek 2,Sat,Home,D,2,2,Tottenham,2.9,0.1,55,Kevin De Bruyne,4-2-3-1,4-2-3-1,Michael Oliver
2019-08-10,12:30,Matchweek 1,Sat,Away,W,5,0,West Ham,3.2,1.1,57,David Silva,4-3-3,4-2-3-1,Mike Dean
2019-05-12,15:00,Matchweek 38,Sun,Away,W,4,1,Brighton,1.6,0.5,75,Vincent Kompany,4-4-1-1,4-5-1,Michael Oliver
2019-05-06,20:00,Matchweek 37,Mon,Home,W,1,0,Leicester City,1.0,0.5,61,Vincent Kompany,4-3-3,4-5-1,Mike Dean
2019-04-28,14:05,Matchweek 36,Sun,Away,W,1,0,Burnley,2.5,0.1,69,Vincent Kompany,4-3-3,4-4-2,Paul Tierney
2019-04-24,20:00,Matchweek 31,Wed,Away,W,2,0,Manchester Utd,0.5,0.5,63,Vincent Kompany,4-3-3,5-3-2,Andre Marriner
2019-04-20,12:30,Matchweek 35,Sat,Home,W,1,0,Tottenham,1.9,1.0,61,Sergio Agüero,4-3-3,5-3-2,Michael Oliver
2019-04-14,14:05,Matchweek 34,Sun,Away,W,3,1,Crystal Palace,2.5,0.4,73,Vincent Kompany,4-2-3-1,4-5-1,Martin Atkinson
2019-04-03,19:45,Matchweek 33,Wed,Home,W,2,0,Cardiff City,3.2,0.1,79,Fernandinho,4-3-3,4-4-1-1,Jonathan Moss
2019-03-30,12:30,Matchweek 32,Sat,Away,W,2,0,Fulham,1.8,0.5,65,David Silva,4-3-3,5-4-1,Kevin Friend
2019-03-09,17:30,Matchweek 30,Sat,Home,W,3,1,Watford,3.4,0.2,71,Vincent Kompany,4-3-3,4-5-1,Paul Tierney
2019-03-02,15:00,Matchweek 29,Sat,Away,W,1,0,Bournemouth,1.2,0.0,81,David Silva,4-3-3,5-4-1,Kevin Friend
2019-02-27,20:00,Matchweek 28,Wed,Home,W,1,0,West Ham,3.5,0.4,75,Vincent Kompany,4-3-3,4-2-3-1,Stuart Attwell
2019-02-10,16:00,Matchweek 26,Sun,Home,W,6,0,Chelsea,3.0,0.9,56,Fernandinho,4-3-3,4-3-3,Mike Dean
2019-02-06,19:45,Matchweek 27,Wed,Away,W,2,0,Everton,2.2,0.1,61,David Silva,4-3-3,4-2-3-1,Craig Pawson
2019-02-03,16:30,Matchweek 25,Sun,Home,W,3,1,Arsenal,2.7,0.7,59,David Silva,4-3-3,4-4-2,Martin Atkinson
2019-01-29,20:00,Matchweek 24,Tue,Away,L,1,2,Newcastle Utd,1.4,1.1,75,David Silva,4-3-3,5-4-1,Paul Tierney
2019-01-20,13:30,Matchweek 23,Sun,Away,W,3,0,Huddersfield,2.0,0.9,67,Fernandinho,4-3-3,4-5-1,Andre Marriner
2019-01-14,20:00,Matchweek 22,Mon,Home,W,3,0,Wolves,2.8,0.1,76,David Silva,4-3-3,3-5-2,Craig Pawson
2019-01-03,20:00,Matchweek 21,Thu,Home,W,2,1,Liverpool,1.1,1.5,49,Vincent Kompany,4-3-3,4-3-3,Anthony Taylor
2018-12-30,14:15,Matchweek 20,Sun,Away,W,3,1,Southampton,2.5,0.2,76,Vincent Kompany,4-3-3,4-3-2-1,Paul Tierney
2018-12-26,15:00,Matchweek 19,Wed,Away,L,1,2,Leicester City,1.4,1.3,66,Sergio Agüero,4-3-3,4-3-3,Mike Dean
2018-12-22,15:00,Matchweek 18,Sat,Home,L,2,3,Crystal Palace,1.5,0.9,78,Fabian Delph,4-3-3,4-5-1,Andre Marriner
2018-12-15,12:30,Matchweek 17,Sat,Home,W,3,1,Everton,1.7,1.5,67,Fernandinho,4-3-3,5-4-1,Craig Pawson
2018-12-08,17:30,Matchweek 16,Sat,Away,L,0,2,Chelsea,0.9,0.6,61,David Silva,4-3-3,4-3-3,Michael Oliver
2018-12-04,20:00,Matchweek 15,Tue,Away,W,2,1,Watford,2.5,1.8,70,Vincent Kompany,4-3-3,4-1-4-1,Paul Tierney
2018-12-01,15:00,Matchweek 14,Sat,Home,W,3,1,Bournemouth,2.6,0.6,72,Fernandinho,4-3-3,5-4-1,Stuart Attwell
2018-11-24,15:00,Matchweek 13,Sat,Away,W,4,0,West Ham,2.7,0.9,69,David Silva,4-3-3,4-2-3-1,Andre Marriner
2018-11-11,16:30,Matchweek 12,Sun,Home,W,3,1,Manchester Utd,1.9,1.1,65,David Silva,4-3-3,4-3-3,Anthony Taylor
2018-11-04,15:00,Matchweek 11,Sun,Home,W,6,1,Southampton,2.2,2.0,66,David Silva,4-3-3,4-3-2-1,Lee Mason
2018-10-29,20:00,Matchweek 10,Mon,Away,W,1,0,Tottenham,1.6,0.4,51,David Silva,4-3-3,4-2-3-1,Kevin Friend
2018-10-20,15:00,Matchweek 9,Sat,Home,W,5,0,Burnley,4.0,0.4,69,Vincent Kompany,4-3-3,4-4-1-1,Jonathan Moss
2018-10-07,16:30,Matchweek 8,Sun,Away,D,0,0,Liverpool,1.0,0.4,51,David Silva,4-2-3-1,4-3-3,Martin Atkinson
2018-09-29,15:00,Matchweek 7,Sat,Home,W,2,0,Brighton,2.7,0.2,79,David Silva,4-3-3,4-1-4-1,Lee Mason
2018-09-22,15:00,Matchweek 6,Sat,Away,W,5,0,Cardiff City,2.5,0.1,78,Fernandinho,4-3-3,4-4-1-1,Michael Oliver
2018-09-15,15:00,Matchweek 5,Sat,Home,W,3,0,Fulham,4.8,0.4,64,David Silva,4-3-3,4-3-3,Stuart Attwell
2018-09-01,17:30,Matchweek 4,Sat,Home,W,2,1,Newcastle Utd,2.0,0.5,78,David Silva,4-1-3-2,5-4-1,Kevin Friend
2018-08-25,12:30,Matchweek 3,Sat,Away,D,1,1,Wolves,1.6,1.0,71,Vincent Kompany,4-3-3,3-4-3,Martin Atkinson
2018-08-19,13:30,Matchweek 2,Sun,Home,W,6,1,Huddersfield,4.2,0.7,76,Vincent Kompany,3-1-4-2,4-4-2,Andre Marriner
2018-08-12,16:00,Matchweek 1,Sun,Away,W,2,0,Arsenal,1.7,0.5,58,Fernandinho,4-2-3-1,4-2-3-1,Michael Oliver
2018-05-13,15:00,Matchweek 38,Sun,Away,W,1,0,Southampton,0.8,0.5,69,Fernandinho,4-3-3,5-4-1,Andre Marriner
2018-05-09,20:00,Matchweek 31,Wed,Home,W,3,1,Brighton,1.6,1.2,73,Yaya Touré,4-3-3,4-5-1,Paul Tierney
2018-05-06,13:30,Matchweek 37,Sun,Home,D,0,0,Huddersfield,0.8,0.2,78,David Silva,4-3-3,5-3-2,Mike Dean
2018-04-29,14:15,Matchweek 36,Sun,Away,W,4,1,West Ham,2.4,0.2,74,Fernandinho,4-3-3,3-5-1-1,Niel Swarbrick
2018-04-22,16:30,Matchweek 35,Sun,Home,W,5,0,Swansea City,3.2,0.3,82,Vincent Kompany,4-3-3,5-4-1,Craig Pawson
2018-04-14,19:45,Matchweek 34,Sat,Away,W,3,1,Tottenham,2.9,0.4,52,Vincent Kompany,4-3-3,4-2-3-1,Jonathan Moss
2018-04-07,17:30,Matchweek 33,Sat,Home,L,2,3,Manchester Utd,2.6,1.1,64,Vincent Kompany,4-3-3,4-3-3,Martin Atkinson
2018-03-31,17:30,Matchweek 32,Sat,Away,W,3,1,Everton,1.5,0.9,81,Vincent Kompany,3-5-2,4-2-3-1,Paul Tierney
2018-03-12,20:00,Matchweek 30,Mon,Away,W,2,0,Stoke City,1.6,0.4,76,Vincent Kompany,4-3-3,4-3-3,Jonathan Moss
2018-03-04,16:00,Matchweek 29,Sun,Home,W,1,0,Chelsea,0.9,0.1,71,David Silva,4-3-3,3-4-3,Michael Oliver
2018-03-01,19:45,Matchweek 28,Thu,Away,W,3,0,Arsenal,1.5,1.3,54,Vincent Kompany,4-3-3,4-2-3-1,Andre Marriner
2018-02-10,17:30,Matchweek 27,Sat,Home,W,5,1,Leicester City,2.5,0.1,70,Fernandinho,4-3-3,3-5-2,Mike Jones
2018-02-03,12:30,Matchweek 26,Sat,Away,D,1,1,Burnley,1.8,0.9,70,Vincent Kompany,4-3-3,4-4-2,Martin Atkinson
2018-01-31,20:00,Matchweek 25,Wed,Home,W,3,0,West Brom,2.3,0.2,73,David Silva,4-3-3,4-4-1-1,Robert Madley
2018-01-20,17:30,Matchweek 24,Sat,Home,W,3,1,Newcastle Utd,2.1,1.0,80,David Silva,4-3-3,5-4-1,Paul Tierney
2018-01-14,16:00,Matchweek 23,Sun,Away,L,3,4,Liverpool,0.8,0.8,64,Fernandinho,4-3-3,4-3-3,Andre Marriner
2018-01-02,20:00,Matchweek 22,Tue,Home,W,3,1,Watford,2.1,1.0,76,David Silva,4-3-3,4-2-3-1,Lee Mason
2017-12-31,12:00,Matchweek 21,Sun,Away,D,0,0,Crystal Palace,1.3,1.3,74,Fernandinho,4-3-3,4-3-3,Jonathan Moss
2017-12-27,19:45,Matchweek 20,Wed,Away,W,1,0,Newcastle Utd,1.8,0.2,77,Vincent Kompany,4-3-3,5-4-1,Andre Marriner
2017-12-23,15:00,Matchweek 19,Sat,Home,W,4,0,Bournemouth,1.5,0.4,78,Vincent Kompany,4-3-3,3-4-3,Mike Jones
2017-12-16,17:30,Matchweek 18,Sat,Home,W,4,1,Tottenham,3.4,0.2,52,Fernandinho,4-3-3,4-1-2-1-2,Craig Pawson
2017-12-13,19:45,Matchweek 17,Wed,Away,W,4,0,Swansea City,2.7,0.6,78,David Silva,4-3-3,4-5-1,Anthony Taylor
2017-12-10,16:30,Matchweek 16,Sun,Away,W,2,1,Manchester Utd,1.7,1.4,64,Vincent Kompany,4-3-3,4-2-3-1,Michael Oliver
2017-12-03,16:00,Matchweek 15,Sun,Home,W,2,1,West Ham,2.3,0.6,76,David Silva,4-3-3,3-5-1-1,Mike Dean
2017-11-29,20:00,Matchweek 14,Wed,Home,W,2,1,Southampton,1.4,1.3,74,Vincent Kompany,4-3-3,5-4-1,Paul Tierney
2017-11-26,16:00,Matchweek 13,Sun,Away,W,2,1,Huddersfield,2.6,0.6,78,Vincent Kompany,4-3-3,4-5-1,Craig Pawson
2017-11-18,15:00,Matchweek 12,Sat,Away,W,2,0,Leicester City,1.9,0.2,73,Vincent Kompany,4-3-3,4-4-1-1,Graham Scott
2017-11-05,14:15,Matchweek 11,Sun,Home,W,3,1,Arsenal,1.8,0.3,57,David Silva,4-3-3,3-4-3,Michael Oliver
2017-10-28,15:00,Matchweek 10,Sat,Away,W,3,2,West Brom,2.3,1.5,77,David Silva,4-3-3,3-5-2,Mike Jones
2017-10-21,15:00,Matchweek 9,Sat,Home,W,3,0,Burnley,3.1,0.2,77,David Silva,4-3-3,4-4-1-1,Roger East
2017-10-14,15:00,Matchweek 8,Sat,Home,W,7,2,Stoke City,3.8,0.5,79,David Silva,4-3-3,4-4-1-1,Craig Pawson
2017-09-30,17:30,Matchweek 7,Sat,Away,W,1,0,Chelsea,0.9,0.5,61,David Silva,4-3-3,3-5-1-1,Martin Atkinson
2017-09-23,15:00,Matchweek 6,Sat,Home,W,5,0,Crystal Palace,4.5,0.6,71,David Silva,4-3-3,4-2-3-1,Niel Swarbrick
2017-09-16,15:00,Matchweek 5,Sat,Away,W,6,0,Watford,3.3,0.5,67,David Silva,4-3-3,4-2-3-1,Anthony Taylor
2017-09-09,12:30,Matchweek 4,Sat,Home,W,5,0,Liverpool,2.4,0.7,66,David Silva,3-1-4-2,4-3-3,Jonathan Moss
2017-08-26,12:30,Matchweek 3,Sat,Away,W,2,1,Bournemouth,1.4,0.5,70,Vincent Kompany,4-3-3,5-3-2,Mike Dean
2017-08-21,20:00,Matchweek 2,Mon,Home,D,1,1,Everton,1.1,0.6,64,Vincent Kompany,3-1-4-2,3-5-2,Robert Madley
2017-08-12,17:30,Matchweek 1,Sat,Away,W,2,0,Brighton,1.9,0.3,77,Vincent Kompany,3-1-4-2,4-4-2,Michael Oliver
